,target,client_id,poutcome
0,175712371,175712371,1
1,667293473,667293473,1
2,1866629429,1866629429,0
3,393510702,393510702,0
4,1109522163,1109522163,1
5,684390477,684390477,0
6,1718233087,1718233087,0
7,441196465,441196465,0
8,125571081,125571081,0
9,1627910488,1627910488,0
10,119858616,119858616,1
11,1637935708,1637935708,1
12,884903654,884903654,1
13,1402085184,1402085184,0
14,1285603128,1285603128,0
15,957529019,957529019,0
16,1177854254,1177854254,1
17,170234727,170234727,1
18,601704380,601704380,1
19,1094807734,1094807734,1
20,736496687,736496687,1
21,1250882667,1250882667,1
22,674391373,674391373,0
23,1459261994,1459261994,0
24,1877067751,1877067751,1
25,486679841,486679841,1
26,943098965,943098965,1
27,1128962236,1128962236,0
28,1158208655,1158208655,0
29,713840842,713840842,1
30,1921663862,1921663862,1
31,261805829,261805829,1
32,565547512,565547512,0
33,1226229231,1226229231,1
34,815155706,815155706,1
35,639588999,639588999,0
36,1763828751,1763828751,0
37,1572872993,1572872993,1
38,924772701,924772701,1
39,882288737,882288737,0
40,1907152369,1907152369,0
41,1166226955,1166226955,1
42,831257396,831257396,0
43,838603550,838603550,0
44,260899658,260899658,0
45,714088956,714088956,0
46,1053434038,1053434038,1
47,1606461268,1606461268,1
48,719308905,719308905,1
49,1205876871,1205876871,0
50,1085904960,1085904960,1
51,835000489,835000489,1
52,583226847,583226847,0
53,1402608481,1402608481,1
54,1667482240,1667482240,1
55,812384993,812384993,1
56,1666552717,1666552717,0
57,1368948239,1368948239,1
58,592127331,592127331,0
59,1899267232,1899267232,0
60,588816964,588816964,1
61,1436904182,1436904182,0
62,212031855,212031855,0
63,1605305026,1605305026,0
64,1230650948,1230650948,1
65,800162528,800162528,1
66,1754150044,1754150044,1
67,1348927337,1348927337,0
68,1794013350,1794013350,1
69,101831034,101831034,1
70,370996091,370996091,0
71,325725616,325725616,1
72,371690729,371690729,0
73,347072526,347072526,0
74,253501998,253501998,1
75,1684400891,1684400891,1
76,754138276,754138276,0
77,284646230,284646230,0
78,225593766,225593766,0
79,1607981513,1607981513,0
80,1332897077,1332897077,1
81,1736301874,1736301874,1
82,1765867299,1765867299,1
83,1962864116,1962864116,1
84,358390785,358390785,0
85,466118961,466118961,1
86,1418414278,1418414278,0
87,1789504162,1789504162,1
88,1845030290,1845030290,0
89,1361629761,1361629761,1
90,474987680,474987680,0
91,1109455133,1109455133,1
92,1716242676,1716242676,1
93,501158383,501158383,1
94,224467557,224467557,0
95,1304568718,1304568718,0
96,733275692,733275692,1
97,1745698405,1745698405,0
98,861423671,861423671,0
99,1689888632,1689888632,1
100,445025023,445025023,1
101,832463529,832463529,1
102,1178763771,1178763771,1
103,241025095,241025095,1
104,1074508129,1074508129,1
105,296804562,296804562,1
106,696771591,696771591,0
107,1637743138,1637743138,0
108,952530973,952530973,0
109,192509581,192509581,0
110,705599412,705599412,1
111,895578480,895578480,1
112,1112414217,1112414217,1
113,212064728,212064728,1
114,725540864,725540864,0
115,1393227422,1393227422,1
116,364189396,364189396,1
117,1765020190,1765020190,0
118,709385038,709385038,1
119,205152107,205152107,0
120,707133965,707133965,1
121,688427385,688427385,1
122,985055858,985055858,0
123,206677321,206677321,0
124,1516675445,1516675445,0
125,1939446661,1939446661,1
126,377962581,377962581,0
127,518317611,518317611,1
128,153218409,153218409,1
129,1371532500,1371532500,1
130,1428529541,1428529541,0
131,1218936035,1218936035,0
132,1483993482,1483993482,1
133,999736774,999736774,0
134,1611499123,1611499123,0
135,1574107541,1574107541,1
136,757363825,757363825,1
137,618295222,618295222,0
138,1480180677,1480180677,1
139,224959372,224959372,1
140,277245737,277245737,1
141,1821570451,1821570451,0
142,226891873,226891873,1
143,1806023880,1806023880,0
144,245679959,245679959,1
145,1918336437,1918336437,1
146,235616138,235616138,0
147,1174254857,1174254857,1
148,1649893182,1649893182,1
149,1579594763,1579594763,1
150,831515662,831515662,1
151,1439123346,1439123346,0
152,373357791,373357791,0
153,1471950327,1471950327,0
154,1565019050,1565019050,1
155,975522522,975522522,0
156,1747620857,1747620857,1
157,1279948782,1279948782,1
158,451524928,451524928,1
159,364521796,364521796,1
160,289224646,289224646,1
161,1960788782,1960788782,0
162,1534347879,1534347879,1
163,1398048775,1398048775,1
164,309910642,309910642,0
165,235998770,235998770,0
166,318937481,318937481,1
167,306314829,306314829,1
168,1023987287,1023987287,1
169,1041657618,1041657618,0
170,1347024182,1347024182,0
171,1640240870,1640240870,1
172,1054795282,1054795282,1
173,1667754785,1667754785,0
174,754828045,754828045,1
175,640684449,640684449,1
176,932756569,932756569,0
177,104942363,104942363,0
178,1796285497,1796285497,1
179,390334330,390334330,1
180,735151623,735151623,0
181,1346518081,1346518081,1
182,316874747,316874747,1
183,389719146,389719146,1
184,1252470470,1252470470,0
185,278504192,278504192,1
186,1896216805,1896216805,1
187,1395592150,1395592150,1
188,1244278056,1244278056,0
189,217170122,217170122,0
190,1922654231,1922654231,0
191,1618913164,1618913164,0
192,1232399070,1232399070,1
193,224590800,224590800,1
194,1805238918,1805238918,1
195,696037840,696037840,1
196,1148857489,1148857489,1
197,1064648124,1064648124,0
198,689734547,689734547,1
199,1210272453,1210272453,0
200,1525067047,1525067047,0
201,1969751676,1969751676,1
202,1029570077,1029570077,1
203,1287117991,1287117991,1
204,1190181896,1190181896,0
205,642488358,642488358,0
206,1303181958,1303181958,0
207,487328549,487328549,0
208,1233017914,1233017914,0
209,231743125,231743125,1
210,145563354,145563354,1
211,734858258,734858258,0
212,370249627,370249627,1
213,1769141640,1769141640,0
214,1930743040,1930743040,1
215,510196091,510196091,1
216,809349410,809349410,0
217,1704909165,1704909165,1
218,1354074957,1354074957,1
219,517288930,517288930,1
220,1423322915,1423322915,1
221,550318872,550318872,1
222,1106700797,1106700797,1
223,793403038,793403038,0
224,1055106939,1055106939,1
225,1362255299,1362255299,0
226,1828897481,1828897481,1
227,586732672,586732672,1
228,1563496424,1563496424,0
229,1837445256,1837445256,1
230,1696064088,1696064088,1
231,1547490873,1547490873,1
232,713299407,713299407,1
233,477336722,477336722,0
234,813331091,813331091,0
235,1330255613,1330255613,0
236,317742767,317742767,1
237,302559907,302559907,0
238,428390753,428390753,0
239,961345006,961345006,0
240,1126740176,1126740176,0
241,1109714243,1109714243,0
242,365752105,365752105,1
243,1326634322,1326634322,0
244,404167299,404167299,0
245,1905538075,1905538075,0
246,807322905,807322905,0
247,1553818316,1553818316,1
248,1930586622,1930586622,0
249,371344552,371344552,0
250,491903018,491903018,1
251,1962232427,1962232427,0
252,1410722454,1410722454,1
253,770080616,770080616,1
254,488869963,488869963,0
255,936648573,936648573,1
256,137424454,137424454,0
257,1571563184,1571563184,0
258,1610077033,1610077033,0
259,1261342172,1261342172,0
260,983226824,983226824,0
261,925040360,925040360,0
262,1264435621,1264435621,1
263,1791766817,1791766817,1
264,1492763914,1492763914,0
265,1194043945,1194043945,0
266,1702516217,1702516217,1
267,1917138376,1917138376,0
268,859246603,859246603,0
269,1681635894,1681635894,1
270,1076405454,1076405454,0
271,496518478,496518478,0
272,157313487,157313487,0
273,901845903,901845903,1
274,839956362,839956362,1
275,1843975327,1843975327,0
276,122069669,122069669,0
277,909583954,909583954,0
278,1520995654,1520995654,0
279,1073090603,1073090603,0
280,1735338314,1735338314,0
281,1913834810,1913834810,0
282,1839654623,1839654623,0
283,1103292750,1103292750,0
284,520573111,520573111,1
285,1299020569,1299020569,1
286,1112741786,1112741786,0
287,1700046802,1700046802,1
288,1860874505,1860874505,1
289,1779457377,1779457377,1
290,1850747672,1850747672,1
291,560680376,560680376,0
292,1036425411,1036425411,1
293,1846266634,1846266634,1
294,961508228,961508228,1
295,994016480,994016480,1
296,1293597874,1293597874,1
297,857248685,857248685,0
298,1249850747,1249850747,0
299,1457722003,1457722003,1
300,417583893,417583893,0
301,688245272,688245272,0
302,701467722,701467722,0
303,113446587,113446587,0
304,842748398,842748398,0
305,767711021,767711021,1
306,1123517276,1123517276,1
307,1950549366,1950549366,1
308,798556559,798556559,1
309,1645044636,1645044636,1
310,1174377874,1174377874,0
311,1674968762,1674968762,1
312,291716551,291716551,1
313,1855487062,1855487062,0
314,1369448242,1369448242,0
315,1031373895,1031373895,1
316,1773782451,1773782451,0
317,798486882,798486882,1
318,1862751726,1862751726,1
319,1180838322,1180838322,0
320,125847324,125847324,1
321,194820011,194820011,1
322,1545780797,1545780797,1
323,129683368,129683368,0
324,1076569660,1076569660,1
325,1981420051,1981420051,1
326,1541066421,1541066421,1
327,428297049,428297049,0
328,917042133,917042133,1
329,1682504381,1682504381,0
330,1137273203,1137273203,1
331,1085755037,1085755037,1
332,1820526539,1820526539,0
333,279924501,279924501,0
334,1519698194,1519698194,1
335,385636020,385636020,0
336,986367470,986367470,1
337,888940664,888940664,1
338,1874041256,1874041256,0
339,1671061556,1671061556,1
340,1610109463,1610109463,1
341,969611902,969611902,0
342,1233681880,1233681880,1
343,1705488029,1705488029,0
344,1841111452,1841111452,0
345,110184592,110184592,1
346,1710197841,1710197841,1
347,250622254,250622254,1
348,1440064523,1440064523,0
349,240766361,240766361,0
350,1144671823,1144671823,0
351,291874222,291874222,1
352,495201064,495201064,0
353,1169741040,1169741040,1
354,1516126670,1516126670,0
355,619418291,619418291,1
356,514069302,514069302,1
357,1695930532,1695930532,0
358,319214017,319214017,0
359,518004075,518004075,1
360,649981170,649981170,1
361,499454740,499454740,0
362,646016313,646016313,1
363,1295398445,1295398445,1
364,1959314559,1959314559,0
365,1312493715,1312493715,1
366,1968263874,1968263874,1
367,1596777398,1596777398,1
368,1705948953,1705948953,1
369,437454112,437454112,1
370,558270578,558270578,0
371,668935208,668935208,1
372,1438007582,1438007582,0
373,1653287139,1653287139,0
374,505967509,505967509,0
375,1627076302,1627076302,0
376,1862055493,1862055493,0
377,163740344,163740344,0
378,278978041,278978041,1
379,1641594476,1641594476,0
380,474719191,474719191,0
381,117884654,117884654,1
382,608042516,608042516,1
383,1374947582,1374947582,0
384,1654469501,1654469501,0
385,755949984,755949984,0
386,1272061980,1272061980,0
387,1534083668,1534083668,0
388,1793935094,1793935094,0
389,1999193934,1999193934,0
390,1273157667,1273157667,1
391,1755845793,1755845793,1
392,1895866203,1895866203,1
393,575036937,575036937,0
394,1297439756,1297439756,1
395,708404925,708404925,0
396,1850604245,1850604245,1
397,1989473521,1989473521,0
398,1037290582,1037290582,1
399,574961634,574961634,1
400,507208091,507208091,0
401,1288585447,1288585447,1
402,1940869832,1940869832,0
403,1624645525,1624645525,0
404,1476844100,1476844100,1
405,1168443389,1168443389,0
406,1119169528,1119169528,0
407,1174814440,1174814440,0
408,1494093660,1494093660,0
409,987840125,987840125,1
410,1568805517,1568805517,0
411,189245625,189245625,0
412,776511350,776511350,1
413,1575558594,1575558594,0
414,1693728418,1693728418,1
415,1679831625,1679831625,1
416,1117664449,1117664449,1
417,1514510507,1514510507,1
418,1977393265,1977393265,0
419,1589909388,1589909388,1
420,325186479,325186479,1
421,1825147455,1825147455,0
422,1659251268,1659251268,1
423,1557295007,1557295007,1
424,141547777,141547777,1
425,310061302,310061302,1
426,464593142,464593142,1
427,195903286,195903286,1
428,1523904464,1523904464,1
429,1507822766,1507822766,1
430,1435440420,1435440420,1
431,650335887,650335887,0
432,360269900,360269900,1
433,1260407030,1260407030,1
434,1267945085,1267945085,1
435,573941050,573941050,0
436,1263025318,1263025318,1
437,975467198,975467198,0
438,757957051,757957051,1
439,386682796,386682796,0
440,1073491092,1073491092,1
441,883834663,883834663,1
442,1719103788,1719103788,0
443,1687099232,1687099232,1
444,610985656,610985656,0
445,1999442774,1999442774,0
446,1968578339,1968578339,1
447,1928697987,1928697987,1
448,1676053800,1676053800,0
449,1890902566,1890902566,1
450,1198436175,1198436175,1
451,1386318408,1386318408,1
452,1686343604,1686343604,0
453,802475211,802475211,1
454,287733417,287733417,0
455,1104718104,1104718104,0
456,1822079126,1822079126,0
457,1879699217,1879699217,1
458,976095390,976095390,1
459,506277747,506277747,0
460,166788975,166788975,1
461,474757201,474757201,1
462,228863041,228863041,1
463,1004068944,1004068944,0
464,1184513605,1184513605,1
465,1103675782,1103675782,1
466,1625757708,1625757708,1
467,630363626,630363626,0
468,1722524845,1722524845,1
469,1480496887,1480496887,0
470,1697230811,1697230811,1
471,464564358,464564358,1
472,812505382,812505382,1
473,1991899634,1991899634,1
474,1932742479,1932742479,1
475,438454795,438454795,0
476,1496912366,1496912366,1
477,477577913,477577913,0
478,851900382,851900382,0
479,1095315486,1095315486,1
480,1846648010,1846648010,1
481,1576691062,1576691062,1
482,1882858506,1882858506,0
483,1158555993,1158555993,1
484,380289733,380289733,1
485,772486838,772486838,1
486,1801190384,1801190384,0
487,1271522503,1271522503,1
488,456697603,456697603,1
489,1352248491,1352248491,0
490,481737900,481737900,0
491,1708559033,1708559033,0
492,804945641,804945641,1
493,1884070714,1884070714,0
494,863385996,863385996,1
495,1431475991,1431475991,0
496,499154848,499154848,0
497,916855946,916855946,1
498,1194216080,1194216080,1
499,392540887,392540887,1
500,1662108620,1662108620,0
501,1326060957,1326060957,1
502,1198293146,1198293146,0
503,302986096,302986096,1
504,718442678,718442678,0
505,1434963452,1434963452,0
506,1087927142,1087927142,1
507,533629817,533629817,0
508,1755567327,1755567327,1
509,530214229,530214229,1
510,286635415,286635415,1
511,1951320551,1951320551,1
512,948496594,948496594,0
513,1521788907,1521788907,0
514,823126665,823126665,0
515,114474566,114474566,0
516,1220639836,1220639836,0
517,706507449,706507449,1
518,1185772515,1185772515,0
519,1255636720,1255636720,0
520,221008979,221008979,1
521,1211665231,1211665231,0
522,1676611366,1676611366,0
523,786844109,786844109,1
524,796206992,796206992,1
525,774195534,774195534,1
526,1776176468,1776176468,1
527,608416068,608416068,1
528,767849808,767849808,1
529,1399345348,1399345348,1
530,937765785,937765785,1
531,1028556547,1028556547,1
532,1290577325,1290577325,1
533,1665149165,1665149165,0
534,253039730,253039730,0
535,509373383,509373383,0
536,229343267,229343267,0
537,388615282,388615282,0
538,291762741,291762741,1
539,1424301637,1424301637,1
540,1272730120,1272730120,0
541,1340215939,1340215939,1
542,1705936545,1705936545,0
543,403362104,403362104,1
544,127701758,127701758,1
545,1002672199,1002672199,1
546,947773694,947773694,0
547,1815364428,1815364428,1
548,675904900,675904900,1
549,1446098590,1446098590,1
550,1316556669,1316556669,0
551,155153268,155153268,1
552,254016465,254016465,0
553,705987846,705987846,0
554,515446905,515446905,0
555,348036346,348036346,1
556,147937396,147937396,1
557,330384389,330384389,1
558,1231729480,1231729480,1
559,1394146233,1394146233,1
560,1540805175,1540805175,0
561,1063487569,1063487569,1
562,1224237630,1224237630,1
563,1257066964,1257066964,1
564,1193000324,1193000324,0
565,427638027,427638027,1
566,1163153494,1163153494,1
567,1147567332,1147567332,1
568,601669508,601669508,1
569,1993131972,1993131972,1
570,1017218639,1017218639,1
571,738853320,738853320,1
572,1247367214,1247367214,1
573,401102881,401102881,0
574,493461691,493461691,0
575,1410458415,1410458415,0
576,292071909,292071909,0
577,1483008819,1483008819,0
578,1294981963,1294981963,1
579,377017080,377017080,1
580,206832671,206832671,0
581,1602042448,1602042448,1
582,508892655,508892655,0
583,1978584436,1978584436,0
584,1588001343,1588001343,1
585,1503387274,1503387274,1
586,998420719,998420719,0
587,1377406947,1377406947,1
588,1743199339,1743199339,0
589,670999301,670999301,0
590,1644049580,1644049580,0
591,811435343,811435343,1
592,701872117,701872117,1
593,646405624,646405624,0
594,1793706962,1793706962,1
595,1423695137,1423695137,1
596,1833874929,1833874929,0
597,1823876291,1823876291,1
598,1887121466,1887121466,1
599,909851331,909851331,1
600,688179531,688179531,0
601,404527866,404527866,0
602,1495834158,1495834158,1
603,1705594814,1705594814,1
604,545469045,545469045,1
605,201324486,201324486,1
606,214789314,214789314,1
607,1918170745,1918170745,0
608,1067943040,1067943040,0
609,1443511898,1443511898,1
610,514023154,514023154,0
611,963853206,963853206,0
612,717479492,717479492,0
613,1813952353,1813952353,0
614,1423434096,1423434096,1
615,719057641,719057641,1
616,1246747636,1246747636,1
617,1698301177,1698301177,0
618,1508013425,1508013425,0
619,504334747,504334747,1
620,1448827860,1448827860,1
621,1957100494,1957100494,1
622,1965663253,1965663253,1
623,1701993441,1701993441,0
624,706945251,706945251,0
625,497042532,497042532,1
626,378526534,378526534,1
627,1917194752,1917194752,1
628,545781935,545781935,0
629,395125305,395125305,1
630,1795298825,1795298825,0
631,491589119,491589119,0
632,1905783667,1905783667,0
633,1273489959,1273489959,1
634,1111343983,1111343983,1
635,1136246252,1136246252,1
636,757163506,757163506,0
637,1862215522,1862215522,1
638,1760804953,1760804953,1
639,109113922,109113922,1
640,1732190443,1732190443,0
641,600469943,600469943,0
642,1394474757,1394474757,0
643,794289402,794289402,1
644,255255410,255255410,1
645,192110557,192110557,1
646,851589674,851589674,1
647,408444952,408444952,0
648,1315859369,1315859369,0
649,421453716,421453716,1
650,129305990,129305990,0
651,1069863659,1069863659,0
652,1927883014,1927883014,1
653,1162122715,1162122715,0
654,1063835975,1063835975,1
655,641146581,641146581,1
656,1979275758,1979275758,1
657,1631280601,1631280601,0
658,906313231,906313231,0
659,1411745050,1411745050,1
660,1952947866,1952947866,0
661,1047524009,1047524009,1
662,215965192,215965192,1
663,115377113,115377113,1
664,1650730146,1650730146,0
665,1963599689,1963599689,0
666,546589500,546589500,1
667,806808449,806808449,0
668,830358891,830358891,1
669,115913082,115913082,1
670,317254728,317254728,0
671,1874123504,1874123504,0
672,1299594812,1299594812,1
673,354784342,354784342,1
674,1652702052,1652702052,0
675,1700443779,1700443779,1
676,1370211170,1370211170,1
677,1457212219,1457212219,1
678,901146277,901146277,1
679,1460040854,1460040854,0
680,1756174783,1756174783,1
681,1204231906,1204231906,0
682,987320108,987320108,0
683,1169958354,1169958354,1
684,175441990,175441990,0
685,711202795,711202795,0
686,1119506825,1119506825,1
687,820838638,820838638,0
688,302547736,302547736,1
689,1749723283,1749723283,0
690,1140161197,1140161197,0
691,273910718,273910718,1
692,1150485461,1150485461,1
693,1528460875,1528460875,1
694,1182886062,1182886062,1
695,784586229,784586229,1
696,451042694,451042694,0
697,1775211954,1775211954,1
698,1286248014,1286248014,1
699,202627375,202627375,1
700,1724434342,1724434342,1
701,425130422,425130422,1
702,796762261,796762261,0
703,606522467,606522467,0
704,704717527,704717527,0
705,618724005,618724005,0
706,1135859439,1135859439,0
707,1983122569,1983122569,0
708,889925197,889925197,1
709,1155673819,1155673819,0
710,473809622,473809622,0
711,1666936082,1666936082,0
712,639823279,639823279,0
713,1925256229,1925256229,1
714,758051649,758051649,1
715,694460789,694460789,1
716,922648766,922648766,1
717,840506206,840506206,1
718,696770126,696770126,0
719,1648337049,1648337049,0
720,814696185,814696185,1
721,1299145426,1299145426,0
722,1125176379,1125176379,1
723,418466386,418466386,1
724,789241952,789241952,0
725,1216705359,1216705359,1
726,1481083985,1481083985,0
727,1085321513,1085321513,0
728,1983481222,1983481222,1
729,792937325,792937325,0
730,1905161813,1905161813,0
731,1588099313,1588099313,1
732,768027898,768027898,1
733,1085967073,1085967073,1
734,1595928513,1595928513,0
735,363585691,363585691,0
736,1170686611,1170686611,1
737,629168765,629168765,1
738,1392173077,1392173077,0
739,952124635,952124635,0
740,1035482290,1035482290,1
741,221438460,221438460,0
742,846346344,846346344,0
743,922753542,922753542,1
744,927981085,927981085,1
745,1399337464,1399337464,1
746,155131735,155131735,1
747,660957828,660957828,1
748,1944681427,1944681427,1
749,1150226996,1150226996,1
750,753919839,753919839,1
751,1573764262,1573764262,1
752,970071004,970071004,1
753,643061306,643061306,1
754,235898696,235898696,1
755,583770854,583770854,0
756,1299383526,1299383526,0
757,1327681987,1327681987,1
758,1645969293,1645969293,1
759,1256748669,1256748669,1
760,562879935,562879935,0
761,1965232631,1965232631,0
762,862969409,862969409,0
763,256997837,256997837,1
764,570593344,570593344,0
765,1878619795,1878619795,1
766,1854211760,1854211760,0
767,1800109403,1800109403,0
768,1214986433,1214986433,0
769,1711888846,1711888846,1
770,890778137,890778137,1
771,1695434078,1695434078,1
772,1574836079,1574836079,0
773,1391243805,1391243805,1
774,1465180373,1465180373,0
775,1628594966,1628594966,0
776,168504555,168504555,1
777,1562084152,1562084152,1
778,430068998,430068998,1
779,490397066,490397066,1
780,397018292,397018292,0
781,1181185867,1181185867,0
782,323111233,323111233,0
783,1170788866,1170788866,1
784,715273577,715273577,1
785,1243591869,1243591869,0
786,1771510890,1771510890,1
787,1046445202,1046445202,0
788,1452733386,1452733386,1
789,442569067,442569067,0
790,1965819473,1965819473,1
791,1536549501,1536549501,0
792,1612400954,1612400954,0
793,1327698919,1327698919,1
794,858500516,858500516,1
795,1734870496,1734870496,1
796,705136435,705136435,0
797,760834592,760834592,1
798,175060445,175060445,0
799,195914877,195914877,0
800,1585040549,1585040549,0
801,955745438,955745438,1
802,311725249,311725249,0
803,855573426,855573426,1
804,729076546,729076546,0
805,713973138,713973138,1
806,574291175,574291175,0
807,680987419,680987419,1
808,389643541,389643541,1
809,695824763,695824763,0
810,1268806469,1268806469,0
811,287696550,287696550,1
812,1660281119,1660281119,0
813,1529329583,1529329583,0
814,1861187431,1861187431,0
815,1530919656,1530919656,1
816,984999316,984999316,1
817,1109063215,1109063215,0
818,1293767037,1293767037,1
819,221617629,221617629,0
820,313987627,313987627,0
821,1445476709,1445476709,0
822,1644870226,1644870226,0
823,1022771762,1022771762,0
824,141070788,141070788,1
825,318978474,318978474,1
826,1266059353,1266059353,1
827,1228436288,1228436288,1
828,1114792899,1114792899,1
829,1418423877,1418423877,1
830,545816865,545816865,0
831,1637419104,1637419104,0
832,1577439290,1577439290,0
833,1799368732,1799368732,0
834,398769866,398769866,0
835,1858020932,1858020932,0
836,902681335,902681335,0
837,1675973038,1675973038,1
838,1868705342,1868705342,1
839,1488224453,1488224453,1
840,1797223629,1797223629,0
841,679717200,679717200,0
842,1713331824,1713331824,1
843,779435890,779435890,1
844,1719528898,1719528898,0
845,1096968062,1096968062,0
846,479853284,479853284,0
847,739404425,739404425,1
848,1077514856,1077514856,1
849,1776733592,1776733592,0
850,851511960,851511960,0
851,174565240,174565240,0
852,346347064,346347064,0
853,1752037703,1752037703,1
854,1299391113,1299391113,1
855,1212783173,1212783173,0
856,975436404,975436404,1
857,505783014,505783014,1
858,644228907,644228907,0
859,1944180870,1944180870,0
860,128907874,128907874,0
861,1463015236,1463015236,0
862,398353491,398353491,0
863,418502066,418502066,0
864,872736023,872736023,0
865,700553486,700553486,1
866,1897883273,1897883273,1
867,188325772,188325772,0
868,673670244,673670244,0
869,1924540922,1924540922,0
870,1443203942,1443203942,1
871,594303727,594303727,1
872,1404462633,1404462633,1
873,1325217363,1325217363,1
874,740966847,740966847,0
875,1833810599,1833810599,0
876,349604368,349604368,1
877,1979038082,1979038082,1
878,149852228,149852228,1
879,1390721716,1390721716,1
880,333811838,333811838,1
881,1728741874,1728741874,1
882,1031676893,1031676893,1
883,1559911761,1559911761,0
884,564485949,564485949,0
885,1981974308,1981974308,0
886,193510933,193510933,0
887,1026871255,1026871255,0
888,649870852,649870852,0
889,682353894,682353894,1
890,725824499,725824499,1
891,1897073984,1897073984,1
892,832385201,832385201,1
893,641972550,641972550,1
894,466511962,466511962,0
895,1070456469,1070456469,1
896,748613510,748613510,1
897,1626221006,1626221006,1
898,369939191,369939191,1
899,1404681469,1404681469,0
900,1649488712,1649488712,0
901,280785885,280785885,1
902,1939010290,1939010290,1
903,1061257282,1061257282,0
904,1288240944,1288240944,1
905,1599830219,1599830219,1
906,466570932,466570932,0
907,1799287485,1799287485,1
908,511787908,511787908,1
909,1497307272,1497307272,1
910,746002219,746002219,0
911,1841656573,1841656573,1
912,541400833,541400833,1
913,1104997773,1104997773,0
914,1305045368,1305045368,0
915,599883538,599883538,1
916,1753898497,1753898497,1
917,1932042475,1932042475,0
918,876494830,876494830,0
919,1636754153,1636754153,0
920,371686565,371686565,0
921,720879347,720879347,0
922,1805002069,1805002069,1
923,957560847,957560847,1
924,1590140446,1590140446,1
925,968518658,968518658,1
926,545331802,545331802,1
927,650934106,650934106,0
928,1633589618,1633589618,0
929,576044443,576044443,0
930,1292922103,1292922103,0
931,1690916239,1690916239,0
932,1628365037,1628365037,0
933,1832058682,1832058682,1
934,1242708963,1242708963,1
935,1888843636,1888843636,0
936,1366811907,1366811907,0
937,1325606886,1325606886,1
938,1266261687,1266261687,0
939,1415452990,1415452990,0
940,1425417747,1425417747,0
941,275686321,275686321,1
942,1793102371,1793102371,1
943,587808431,587808431,0
944,1554575705,1554575705,1
945,1586345545,1586345545,0
946,1861160258,1861160258,1
947,1340730969,1340730969,1
948,925993219,925993219,0
949,905235245,905235245,0
950,593600039,593600039,0
951,1408815208,1408815208,1
952,1263640499,1263640499,1
953,263566804,263566804,1
954,1803476508,1803476508,1
955,194218880,194218880,1
956,579021057,579021057,1
957,1278942214,1278942214,0
958,1608949845,1608949845,0
959,887093410,887093410,0
960,612980057,612980057,0
961,486389281,486389281,1
962,715161555,715161555,0
963,1969547248,1969547248,0
964,616982161,616982161,0
965,863037351,863037351,0
966,1566092753,1566092753,1
967,1971287677,1971287677,0
968,1123745167,1123745167,1
969,432470496,432470496,1
970,544901899,544901899,0
971,1663485904,1663485904,1
972,1296961584,1296961584,0
973,1969057584,1969057584,0
974,1131104534,1131104534,0
975,824555684,824555684,1
976,1767109877,1767109877,0
977,928741707,928741707,1
978,1861297798,1861297798,0
979,582582099,582582099,0
980,1452869638,1452869638,0
981,1308858417,1308858417,0
982,374262162,374262162,1
983,1999945413,1999945413,1
984,1702910396,1702910396,0
985,970689108,970689108,1
986,1284316068,1284316068,1
987,1965249224,1965249224,1
988,1425154499,1425154499,1
989,296581715,296581715,0
990,1853023093,1853023093,0
991,564668576,564668576,0
992,903320573,903320573,0
993,1607090287,1607090287,1
994,1166059757,1166059757,0
995,1313156802,1313156802,1
996,1308505646,1308505646,1
997,362775263,362775263,1
998,824417332,824417332,0
999,544868023,544868023,0
1000,1583060157,1583060157,0
1001,280452065,280452065,1
1002,431184433,431184433,0
1003,1901196992,1901196992,0
1004,1807993103,1807993103,1
1005,502725646,502725646,0
1006,289387853,289387853,1
1007,1461096870,1461096870,1
1008,469855612,469855612,1
1009,1490660020,1490660020,1
1010,1208330461,1208330461,0
1011,416317592,416317592,1
1012,1464492566,1464492566,1
1013,710187800,710187800,1
1014,1275031721,1275031721,1
1015,1203077305,1203077305,1
1016,1826448361,1826448361,1
1017,1648718952,1648718952,1
1018,933675879,933675879,1
1019,1578390433,1578390433,0
1020,756497566,756497566,0
1021,1069549690,1069549690,0
1022,394505955,394505955,0
1023,767537647,767537647,0
1024,203139646,203139646,1
1025,621237310,621237310,1
1026,336672169,336672169,0
1027,1750797065,1750797065,0
1028,1475186927,1475186927,0
1029,1532508540,1532508540,1
1030,145257579,145257579,1
1031,1610015186,1610015186,0
1032,625820211,625820211,1
1033,1096159805,1096159805,0
1034,779497950,779497950,0
1035,128273280,128273280,0
1036,1659234829,1659234829,1
1037,1595041014,1595041014,0
1038,1428546821,1428546821,0
1039,945509189,945509189,0
1040,1763532850,1763532850,1
1041,1754575172,1754575172,1
1042,1820963374,1820963374,0
1043,1735610899,1735610899,1
1044,768282110,768282110,0
1045,1985169848,1985169848,0
1046,440675890,440675890,0
1047,1585389326,1585389326,1
1048,1016375135,1016375135,0
1049,1319188267,1319188267,0
1050,708455701,708455701,0
1051,1630707269,1630707269,1
1052,1477881399,1477881399,1
1053,1385098049,1385098049,0
1054,700796414,700796414,1
1055,1144930328,1144930328,1
1056,1326742013,1326742013,1
1057,470555685,470555685,0
1058,1991450210,1991450210,1
1059,1583015113,1583015113,0
1060,835209554,835209554,0
1061,962463040,962463040,1
1062,232751959,232751959,0
1063,1655846305,1655846305,1
1064,157204323,157204323,0
1065,1149281176,1149281176,0
1066,1279450299,1279450299,1
1067,696010695,696010695,1
1068,654589378,654589378,1
1069,1884507132,1884507132,0
1070,1352424990,1352424990,0
1071,1976114499,1976114499,0
1072,916802193,916802193,1
1073,1568331295,1568331295,0
1074,270703380,270703380,0
1075,808552800,808552800,1
1076,326361139,326361139,0
1077,501180711,501180711,1
1078,1039962921,1039962921,1
1079,1017150857,1017150857,1
1080,594590415,594590415,1
1081,1995464785,1995464785,0
1082,457748401,457748401,1
1083,864181121,864181121,1
1084,151439074,151439074,1
1085,1664335255,1664335255,1
1086,523783148,523783148,1
1087,722689787,722689787,0
1088,1447740615,1447740615,0
1089,1204820658,1204820658,0
1090,187763544,187763544,0
1091,152566820,152566820,1
1092,1382545959,1382545959,0
1093,721102263,721102263,1
1094,1653827877,1653827877,0
1095,1200555515,1200555515,1
1096,1491164312,1491164312,0
1097,180120076,180120076,1
1098,1678436843,1678436843,0
1099,855969266,855969266,0
1100,1387396397,1387396397,0
1101,516732044,516732044,1
1102,906155754,906155754,0
1103,384354700,384354700,1
1104,758581014,758581014,1
1105,688840852,688840852,1
1106,595684320,595684320,1
1107,919807697,919807697,0
1108,1587682495,1587682495,0
1109,684062779,684062779,0
1110,1564493849,1564493849,0
1111,1187961982,1187961982,1
1112,1071416866,1071416866,1
1113,1732425075,1732425075,1
1114,632142405,632142405,1
1115,1882362413,1882362413,1
1116,725342287,725342287,0
1117,1590160098,1590160098,1
1118,1493903929,1493903929,0
1119,1989228515,1989228515,0
1120,976634044,976634044,1
1121,1676961942,1676961942,1
1122,897149037,897149037,1
1123,766789712,766789712,1
1124,1472571829,1472571829,1
1125,917189455,917189455,1
1126,827716552,827716552,0
1127,742817167,742817167,0
1128,1120239562,1120239562,0
1129,1984920783,1984920783,0
1130,550872024,550872024,0
1131,281456562,281456562,1
1132,569192575,569192575,0
1133,1732571905,1732571905,0
1134,589647015,589647015,0
1135,1735697944,1735697944,1
1136,320868527,320868527,1
1137,1479314606,1479314606,0
1138,914928618,914928618,0
1139,1376676816,1376676816,1
1140,903491126,903491126,1
1141,1760689325,1760689325,0
1142,440859503,440859503,1
1143,364974586,364974586,0
1144,1993577306,1993577306,1
1145,1446734246,1446734246,1
1146,1018651058,1018651058,0
1147,1335817823,1335817823,1
1148,223217898,223217898,0
1149,1750050940,1750050940,1
1150,123316323,123316323,1
1151,475261783,475261783,0
1152,1292568330,1292568330,1
1153,384125681,384125681,1
1154,527600948,527600948,1
1155,612890378,612890378,1
1156,1102435567,1102435567,1
1157,296332522,296332522,0
1158,1463171416,1463171416,1
1159,1238610452,1238610452,1
1160,1876686736,1876686736,1
1161,1172014709,1172014709,0
1162,1432428784,1432428784,0
1163,1801215015,1801215015,1
1164,596190637,596190637,1
1165,1190933992,1190933992,1
1166,222906308,222906308,0
1167,358781531,358781531,0
1168,511738520,511738520,0
1169,617549387,617549387,0
1170,702125578,702125578,0
1171,412134332,412134332,1
1172,1764754000,1764754000,1
1173,513808882,513808882,1
1174,884814661,884814661,0
1175,1689530076,1689530076,1
1176,1947817261,1947817261,1
1177,1491268943,1491268943,1
1178,718135045,718135045,1
1179,1153618830,1153618830,0
1180,437593520,437593520,1
1181,1528120313,1528120313,0
1182,404356036,404356036,1
1183,1855911341,1855911341,1
1184,1998039519,1998039519,0
1185,130223900,130223900,0
1186,1183221043,1183221043,0
1187,1503979029,1503979029,0
1188,1795643720,1795643720,1
1189,1935652609,1935652609,0
1190,1020508920,1020508920,0
1191,694824961,694824961,0
1192,1995744062,1995744062,1
1193,640790784,640790784,0
1194,1207277454,1207277454,0
1195,1704183171,1704183171,1
1196,1345340031,1345340031,1
1197,678316086,678316086,1
1198,1339896065,1339896065,0
1199,839561676,839561676,1
1200,1398591108,1398591108,1
1201,492356323,492356323,0
1202,732433134,732433134,0
1203,1556803849,1556803849,1
1204,1081455329,1081455329,1
1205,1755730111,1755730111,0
1206,760628542,760628542,0
1207,1015992039,1015992039,1
1208,1065820126,1065820126,1
1209,1002655496,1002655496,1
1210,1625635426,1625635426,0
1211,1788681829,1788681829,0
1212,1599789148,1599789148,1
1213,557018444,557018444,1
1214,642628879,642628879,1
1215,1251643661,1251643661,1
1216,1513990617,1513990617,0
1217,388835118,388835118,0
1218,602501950,602501950,0
1219,1711775556,1711775556,0
1220,1974391042,1974391042,1
1221,1291562269,1291562269,1
1222,1233893931,1233893931,0
1223,1333402398,1333402398,0
1224,448701985,448701985,1
1225,837881212,837881212,0
1226,1527023057,1527023057,1
1227,523537315,523537315,1
1228,978456415,978456415,1
1229,1780900389,1780900389,0
1230,526503357,526503357,0
1231,1533104117,1533104117,0
1232,1743061946,1743061946,0
1233,865428617,865428617,0
1234,1947255598,1947255598,0
1235,551004301,551004301,0
1236,1130435253,1130435253,1
1237,803155681,803155681,1
1238,1325334551,1325334551,1
1239,409747016,409747016,0
1240,1208842550,1208842550,0
1241,1338730918,1338730918,1
1242,531218152,531218152,0
1243,1707920265,1707920265,1
1244,143729613,143729613,1
1245,1977456744,1977456744,0
1246,1929552453,1929552453,1
1247,568114581,568114581,1
1248,1147702453,1147702453,0
1249,311641372,311641372,1
1250,500820239,500820239,0
1251,1960076428,1960076428,0
1252,1673174887,1673174887,1
1253,1724212831,1724212831,1
1254,566085328,566085328,0
1255,544885926,544885926,0
1256,1680016074,1680016074,1
1257,1243930041,1243930041,1
1258,817489530,817489530,1
1259,545852780,545852780,1
1260,1416035428,1416035428,1
1261,1940655105,1940655105,0
1262,348685237,348685237,1
1263,1955245328,1955245328,0
1264,1800410818,1800410818,0
1265,1209316478,1209316478,0
1266,1395367236,1395367236,0
1267,1377415314,1377415314,0
1268,412236864,412236864,1
1269,774133508,774133508,0
1270,1820345939,1820345939,1
1271,340240751,340240751,1
1272,634532726,634532726,0
1273,168096858,168096858,1
1274,1405305914,1405305914,1
1275,940563868,940563868,1
1276,1868672023,1868672023,1
1277,1739529693,1739529693,1
1278,1936300610,1936300610,0
1279,925486094,925486094,0
1280,787907655,787907655,1
1281,269823601,269823601,1
1282,1502178265,1502178265,1
1283,307856784,307856784,0
1284,1300341071,1300341071,0
1285,807836524,807836524,0
1286,1668579446,1668579446,1
1287,1535417695,1535417695,1
1288,1241961821,1241961821,0
1289,1938356936,1938356936,1
1290,572164074,572164074,0
1291,697036427,697036427,1
1292,409784376,409784376,1
1293,331672071,331672071,0
1294,121545091,121545091,1
1295,1822144904,1822144904,0
1296,1420750945,1420750945,1
1297,276412673,276412673,0
1298,547574642,547574642,1
1299,353590262,353590262,1
1300,1364348983,1364348983,1
1301,504482843,504482843,1
1302,1411844520,1411844520,1
1303,113993985,113993985,1
1304,508121650,508121650,0
1305,709708961,709708961,1
1306,116439383,116439383,0
1307,612364266,612364266,0
1308,782510562,782510562,1
1309,1761379993,1761379993,1
1310,978273916,978273916,1
1311,504168442,504168442,1
1312,1637779626,1637779626,1
1313,370916088,370916088,0
1314,494444895,494444895,0
1315,485315011,485315011,0
1316,1593172736,1593172736,1
1317,876955419,876955419,1
1318,1229144774,1229144774,0
1319,530143711,530143711,0
1320,1886467983,1886467983,1
1321,1256404346,1256404346,0
1322,1184433720,1184433720,1
1323,1550878692,1550878692,1
1324,1774514823,1774514823,1
1325,248532206,248532206,0
1326,307303124,307303124,0
1327,665750426,665750426,0
1328,761199593,761199593,1
1329,321441145,321441145,1
1330,964718932,964718932,1
1331,539310832,539310832,1
1332,491706809,491706809,0
1333,1142073934,1142073934,0
1334,1685521000,1685521000,0
1335,1903776674,1903776674,0
1336,234738595,234738595,1
1337,1979401077,1979401077,1
1338,1385657260,1385657260,1
1339,1583580645,1583580645,1
1340,1602465920,1602465920,0
1341,1457735405,1457735405,1
1342,1041842610,1041842610,1
1343,556688851,556688851,1
1344,688542242,688542242,1
1345,1325204578,1325204578,1
1346,194582623,194582623,1
1347,376823974,376823974,1
1348,1591385883,1591385883,0
1349,1173000864,1173000864,1
1350,1674194323,1674194323,1
1351,636188802,636188802,1
1352,161704723,161704723,0
1353,268958171,268958171,1
1354,1795737966,1795737966,0
1355,1935714355,1935714355,1
1356,304836339,304836339,0
1357,911806879,911806879,0
1358,1893074540,1893074540,0
1359,786664304,786664304,1
1360,121107476,121107476,0
1361,1045828047,1045828047,1
1362,946112756,946112756,0
1363,1441282019,1441282019,1
1364,1580846084,1580846084,1
1365,752127144,752127144,1
1366,987599977,987599977,0
1367,490403554,490403554,1
1368,319247595,319247595,0
1369,1169941273,1169941273,1
1370,1626379903,1626379903,1
1371,1905986968,1905986968,1
1372,1449884923,1449884923,1
1373,283952680,283952680,1
1374,1492081257,1492081257,0
1375,188192649,188192649,1
1376,1778908428,1778908428,1
1377,943588767,943588767,0
1378,309577217,309577217,0
1379,379567843,379567843,0
1380,1231427595,1231427595,0
1381,1635085700,1635085700,1
1382,1159026952,1159026952,1
1383,1603491970,1603491970,0
1384,360586401,360586401,0
1385,1848078003,1848078003,0
1386,801802099,801802099,1
1387,965532815,965532815,1
1388,1691444914,1691444914,1
1389,676793679,676793679,1
1390,1190490240,1190490240,0
1391,1866431280,1866431280,1
1392,148146841,148146841,0
1393,1944441307,1944441307,1
1394,852972600,852972600,1
1395,244839949,244839949,0
1396,1493330675,1493330675,0
1397,818966630,818966630,1
1398,965835277,965835277,0
1399,250134959,250134959,1
1400,1968968815,1968968815,1
1401,1098271517,1098271517,0
1402,1417783553,1417783553,1
1403,519783219,519783219,0
1404,1915487904,1915487904,0
1405,586946616,586946616,0
1406,707666247,707666247,1
1407,1790752648,1790752648,1
1408,1031945947,1031945947,1
1409,425202497,425202497,0
1410,704160785,704160785,1
1411,308537690,308537690,0
1412,415300718,415300718,0
1413,732581532,732581532,1
1414,1717053281,1717053281,1
1415,887694228,887694228,1
1416,310331301,310331301,1
1417,322676809,322676809,0
1418,1116770020,1116770020,1
1419,332504834,332504834,0
1420,477986228,477986228,0
1421,314752012,314752012,1
1422,1674917463,1674917463,0
1423,945704628,945704628,0
1424,784193785,784193785,1
1425,1382818573,1382818573,0
1426,1392022063,1392022063,0
1427,1617185257,1617185257,1
1428,1017273348,1017273348,0
1429,724296451,724296451,1
1430,1421667592,1421667592,1
1431,1064473247,1064473247,0
1432,1675944738,1675944738,0
1433,354149172,354149172,1
1434,1878831656,1878831656,0
1435,1014825084,1014825084,1
1436,1092882494,1092882494,0
1437,1217092644,1217092644,0
1438,550565852,550565852,1
1439,395095376,395095376,1
1440,1647251891,1647251891,1
1441,1594936069,1594936069,0
1442,149986331,149986331,1
1443,495016896,495016896,1
1444,1481898965,1481898965,0
1445,1511101139,1511101139,0
1446,1306301596,1306301596,1
1447,1631770074,1631770074,0
1448,1632277923,1632277923,1
1449,1640593784,1640593784,0
1450,367677986,367677986,0
1451,729927391,729927391,1
1452,1377063362,1377063362,0
1453,1214367928,1214367928,0
1454,424834868,424834868,0
1455,581724010,581724010,1
1456,1749567499,1749567499,1
1457,416087867,416087867,1
1458,690571585,690571585,1
1459,1076826180,1076826180,0
1460,1441112678,1441112678,1
1461,1182060147,1182060147,0
1462,517045374,517045374,0
1463,1728461637,1728461637,0
1464,1563795675,1563795675,1
1465,1072441320,1072441320,1
1466,1086700434,1086700434,0
1467,1462111719,1462111719,0
1468,452114759,452114759,1
1469,307441892,307441892,1
1470,159745824,159745824,0
1471,655591949,655591949,1
1472,1684530217,1684530217,0
1473,338845580,338845580,0
1474,614018120,614018120,1
1475,1310610548,1310610548,1
1476,720485717,720485717,1
1477,474035950,474035950,1
1478,1321316008,1321316008,0
1479,517496792,517496792,0
1480,443554804,443554804,0
1481,1359443031,1359443031,0
1482,705063044,705063044,1
1483,190086578,190086578,1
1484,505534570,505534570,1
1485,1379033498,1379033498,1
1486,1928292126,1928292126,0
1487,235325085,235325085,0
1488,1691985017,1691985017,1
1489,412718655,412718655,0
1490,1214661297,1214661297,0
1491,1716328337,1716328337,0
1492,545764624,545764624,0
1493,1563192915,1563192915,0
1494,1543135848,1543135848,1
1495,641951764,641951764,1
1496,1669539327,1669539327,0
1497,167916114,167916114,1
1498,1046231048,1046231048,0
1499,1685981614,1685981614,1
1500,1446229375,1446229375,0
1501,467013572,467013572,1
1502,725328341,725328341,1
1503,1189212723,1189212723,0
1504,290943017,290943017,0
1505,534772703,534772703,1
1506,1816675216,1816675216,1
1507,403165001,403165001,0
1508,823759627,823759627,1
1509,543071035,543071035,1
1510,140427820,140427820,1
1511,508638943,508638943,0
1512,1901807995,1901807995,0
1513,1853146966,1853146966,1
1514,245108014,245108014,1
1515,398952835,398952835,0
1516,1506859588,1506859588,0
1517,991050854,991050854,1
1518,1292945299,1292945299,0
1519,959997678,959997678,0
1520,499075032,499075032,0
1521,1361221120,1361221120,1
1522,1049735880,1049735880,1
1523,1533349306,1533349306,0
1524,1972322805,1972322805,0
1525,554938328,554938328,1
1526,461873929,461873929,1
1527,124333629,124333629,1
1528,555130119,555130119,0
1529,904654819,904654819,1
1530,1606761042,1606761042,0
1531,1227308343,1227308343,1
1532,108094932,108094932,1
1533,1608609885,1608609885,0
1534,932702821,932702821,0
1535,1411121742,1411121742,0
1536,193676789,193676789,0
1537,915528668,915528668,0
1538,666486935,666486935,1
1539,1330832881,1330832881,0
1540,1321163163,1321163163,1
1541,409128005,409128005,0
1542,854984255,854984255,0
1543,639901359,639901359,0
1544,406948368,406948368,0
1545,740839739,740839739,1
1546,290248995,290248995,1
1547,944905850,944905850,0
1548,963310857,963310857,1
1549,732397934,732397934,1
1550,1529588477,1529588477,0
1551,1517383656,1517383656,1
1552,501075416,501075416,1
1553,1314055447,1314055447,0
1554,1712645297,1712645297,0
1555,1808616431,1808616431,1
1556,1322886059,1322886059,0
1557,749262689,749262689,0
1558,955743085,955743085,0
1559,326909620,326909620,0
1560,1218187488,1218187488,0
1561,657534377,657534377,0
1562,1197186794,1197186794,1
1563,999278903,999278903,1
1564,1637019918,1637019918,0
1565,1945303845,1945303845,1
1566,1784039164,1784039164,1
1567,468447325,468447325,0
1568,769835816,769835816,0
1569,1112221396,1112221396,0
1570,1246438882,1246438882,1
1571,1729992753,1729992753,1
1572,482320549,482320549,1
1573,1477003707,1477003707,0
1574,1386817208,1386817208,0
1575,1324838429,1324838429,1
1576,1131346160,1131346160,1
1577,433952716,433952716,0
1578,1506084918,1506084918,1
1579,1399712598,1399712598,0
1580,962915319,962915319,1
1581,998207607,998207607,0
1582,1487860552,1487860552,0
1583,1391165834,1391165834,1
1584,1471797690,1471797690,0
1585,1617436889,1617436889,1
1586,644031245,644031245,1
1587,104199693,104199693,0
1588,254562523,254562523,1
1589,1219970694,1219970694,0
1590,437136133,437136133,0
1591,510844895,510844895,0
1592,1878839531,1878839531,1
1593,1245393024,1245393024,1
1594,1146644551,1146644551,1
1595,582387130,582387130,1
1596,1522222123,1522222123,1
1597,696445355,696445355,1
1598,1428635014,1428635014,0
1599,728029945,728029945,1
1600,440189671,440189671,0
1601,406495144,406495144,0
1602,677039214,677039214,1
1603,865386052,865386052,0
1604,1201402453,1201402453,0
1605,1542106118,1542106118,0
1606,1950305093,1950305093,1
1607,688444569,688444569,1
1608,808115540,808115540,0
1609,685383766,685383766,1
1610,1035374127,1035374127,0
1611,568077715,568077715,0
1612,569261810,569261810,1
1613,1975172728,1975172728,1
1614,1202574792,1202574792,1
1615,1751962826,1751962826,1
1616,100207570,100207570,0
1617,239508839,239508839,0
1618,1945493523,1945493523,1
1619,151762285,151762285,1
1620,1247578271,1247578271,0
1621,136985154,136985154,1
1622,1304047145,1304047145,1
1623,1821005964,1821005964,1
1624,1896174104,1896174104,0
1625,137826860,137826860,0
1626,737634777,737634777,0
1627,308986597,308986597,0
1628,512853021,512853021,1
1629,1044611530,1044611530,0
1630,1686246267,1686246267,0
1631,191600186,191600186,1
1632,1617995635,1617995635,1
1633,753017275,753017275,1
1634,109558980,109558980,1
1635,227235421,227235421,0
1636,1355781808,1355781808,1
1637,1036002995,1036002995,1
1638,1409501325,1409501325,1
1639,1429861698,1429861698,0
1640,1898392001,1898392001,0
1641,1635185934,1635185934,1
1642,1182224185,1182224185,0
1643,1369552034,1369552034,1
1644,938356821,938356821,0
1645,636238668,636238668,1
1646,892878768,892878768,1
1647,1456911011,1456911011,0
1648,205818725,205818725,0
1649,383290201,383290201,1
1650,699125762,699125762,0
1651,1052351625,1052351625,0
1652,1725382302,1725382302,0
1653,1264975707,1264975707,0
1654,1468353119,1468353119,1
1655,530399090,530399090,0
1656,1947133401,1947133401,0
1657,619426277,619426277,0
1658,657473471,657473471,1
1659,358196375,358196375,0
1660,1163109281,1163109281,0
1661,1351551242,1351551242,1
1662,1039499025,1039499025,1
1663,1910190993,1910190993,1
1664,699732905,699732905,0
1665,187674401,187674401,0
1666,1954169577,1954169577,0
1667,1291100796,1291100796,0
1668,426766205,426766205,0
1669,904999513,904999513,1
1670,1821196664,1821196664,1
1671,1167345543,1167345543,0
1672,1586344178,1586344178,0
1673,1923593111,1923593111,1
1674,505895307,505895307,0
1675,773927767,773927767,1
1676,1856808360,1856808360,1
1677,775345844,775345844,0
1678,1533312024,1533312024,0
1679,1568705683,1568705683,0
1680,970043791,970043791,0
1681,128366062,128366062,1
1682,207559432,207559432,1
1683,965658339,965658339,0
1684,154225835,154225835,1
1685,1244848490,1244848490,1
1686,473976433,473976433,0
1687,907148164,907148164,1
1688,244352216,244352216,1
1689,1046119208,1046119208,1
1690,1859710157,1859710157,1
1691,1673885709,1673885709,0
1692,1959113634,1959113634,1
1693,422084751,422084751,1
1694,1523274478,1523274478,1
1695,930382391,930382391,0
1696,1634780342,1634780342,0
1697,1949119760,1949119760,1
1698,1787299891,1787299891,0
1699,1511741952,1511741952,0
1700,568174259,568174259,0
1701,437541928,437541928,0
1702,203917749,203917749,0
1703,1212102708,1212102708,1
1704,1092160093,1092160093,0
1705,391488142,391488142,0
1706,1734798287,1734798287,1
1707,247733034,247733034,1
1708,1762101718,1762101718,1
1709,1296644568,1296644568,1
1710,593306370,593306370,1
1711,1676791607,1676791607,0
1712,1758045172,1758045172,0
1713,247596591,247596591,1
1714,1534183292,1534183292,1
1715,1868051846,1868051846,0
1716,1894428633,1894428633,1
1717,789959332,789959332,1
1718,1484473048,1484473048,0
1719,727036799,727036799,1
1720,358593959,358593959,1
1721,780113062,780113062,1
1722,1635262538,1635262538,0
1723,923498322,923498322,1
1724,907399455,907399455,0
1725,558434194,558434194,0
1726,891137417,891137417,1
1727,1911912582,1911912582,1
1728,552267502,552267502,0
1729,912959392,912959392,0
1730,300657013,300657013,1
1731,566380539,566380539,0
1732,1211406913,1211406913,1
1733,568481673,568481673,0
1734,915163314,915163314,1
1735,1222704550,1222704550,1
1736,719896755,719896755,0
1737,1639573091,1639573091,1
1738,599948410,599948410,1
1739,1266939474,1266939474,1
1740,904366503,904366503,1
1741,133937457,133937457,0
1742,1102630327,1102630327,0
1743,1726828913,1726828913,0
1744,618421260,618421260,1
1745,244650743,244650743,0
1746,951905146,951905146,1
1747,815943127,815943127,1
1748,1489763124,1489763124,0
1749,946406823,946406823,1
1750,583129161,583129161,1
1751,1968404042,1968404042,1
1752,548021183,548021183,1
1753,527053604,527053604,0
1754,1963400913,1963400913,0
1755,1288488412,1288488412,0
1756,1113536400,1113536400,0
1757,262336281,262336281,1
1758,1511496233,1511496233,0
1759,307011837,307011837,0
1760,356709531,356709531,1
1761,1420782398,1420782398,1
1762,1164103856,1164103856,1
1763,1222986574,1222986574,0
1764,1625227495,1625227495,0
1765,1364203665,1364203665,1
1766,1286156454,1286156454,0
1767,1997251649,1997251649,1
1768,771829177,771829177,1
1769,233315193,233315193,0
1770,658832440,658832440,0
1771,692711330,692711330,1
1772,1520687485,1520687485,0
1773,1616058849,1616058849,0
1774,1280442743,1280442743,1
1775,1450258749,1450258749,0
1776,270574913,270574913,0
1777,1113370966,1113370966,1
1778,1255977438,1255977438,0
1779,698073861,698073861,0
1780,1572488492,1572488492,1
1781,854103714,854103714,0
1782,174245136,174245136,0
1783,1261641695,1261641695,1
1784,1614257797,1614257797,0
1785,1820684823,1820684823,1
1786,1770026225,1770026225,1
1787,1878348820,1878348820,0
1788,599696035,599696035,0
1789,1025202561,1025202561,0
1790,483916959,483916959,0
1791,681957385,681957385,1
1792,1132979353,1132979353,0
1793,359749539,359749539,0
1794,1376845955,1376845955,1
1795,515078532,515078532,1
1796,610490659,610490659,1
1797,1844076179,1844076179,1
1798,1601500643,1601500643,1
1799,945735448,945735448,0
1800,1266108066,1266108066,1
1801,1681407391,1681407391,1
1802,1994026403,1994026403,1
1803,1794635090,1794635090,0
1804,1415915877,1415915877,1
1805,1880688040,1880688040,1
1806,1656763858,1656763858,1
1807,954394187,954394187,1
1808,1044647537,1044647537,1
1809,1383565633,1383565633,1
1810,1843960261,1843960261,0
1811,929945033,929945033,0
1812,868134194,868134194,0
1813,304008827,304008827,0
1814,520006518,520006518,1
1815,350600832,350600832,0
1816,452639218,452639218,0
1817,1779734489,1779734489,1
1818,545381978,545381978,0
1819,1952981894,1952981894,1
1820,1459127258,1459127258,1
1821,1094317522,1094317522,1
1822,1355449022,1355449022,0
1823,1779858347,1779858347,0
1824,1376179526,1376179526,0
1825,1675698472,1675698472,1
1826,1779236017,1779236017,0
1827,1057234332,1057234332,1
1828,330769537,330769537,1
1829,1132073019,1132073019,1
1830,378648160,378648160,1
1831,920162437,920162437,0
1832,619193144,619193144,0
1833,672924090,672924090,0
1834,592895164,592895164,1
1835,1672979598,1672979598,1
1836,480467750,480467750,0
1837,1444085511,1444085511,1
1838,1970885453,1970885453,0
1839,675156878,675156878,1
1840,1344459568,1344459568,0
1841,1132742177,1132742177,0
1842,562158380,562158380,1
1843,1923126464,1923126464,0
1844,1302443114,1302443114,1
1845,796156697,796156697,1
1846,1281355836,1281355836,1
1847,1102269756,1102269756,1
1848,1566606016,1566606016,1
1849,968903357,968903357,0
1850,1641911853,1641911853,1
1851,265464580,265464580,0
1852,1030345714,1030345714,0
1853,1608630360,1608630360,1
1854,127161239,127161239,0
1855,1796638718,1796638718,0
1856,406950234,406950234,0
1857,1685673613,1685673613,1
1858,1121733781,1121733781,0
1859,815779086,815779086,0
1860,833140958,833140958,1
1861,247638994,247638994,1
1862,1678644453,1678644453,1
1863,791460200,791460200,1
1864,1057392403,1057392403,1
1865,1746851267,1746851267,0
1866,727822630,727822630,1
1867,325005762,325005762,1
1868,1445653331,1445653331,1
1869,1337094955,1337094955,0
1870,1854209629,1854209629,0
1871,666976922,666976922,1
1872,1254909777,1254909777,0
1873,648111449,648111449,0
1874,581131177,581131177,1
1875,505363107,505363107,1
1876,1659689689,1659689689,0
1877,278410792,278410792,0
1878,688209758,688209758,1
1879,1554112064,1554112064,1
1880,190810937,190810937,0
1881,452061612,452061612,0
1882,368957493,368957493,0
1883,1332217448,1332217448,1
1884,1343850830,1343850830,0
1885,623885537,623885537,1
1886,1631221651,1631221651,1
1887,870448520,870448520,0
1888,1102974728,1102974728,0
1889,106019215,106019215,1
1890,599358018,599358018,0
1891,829648797,829648797,0
1892,1051912879,1051912879,1
1893,1637296905,1637296905,1
1894,805709918,805709918,1
1895,941658404,941658404,0
1896,922229308,922229308,0
1897,1510045531,1510045531,0
1898,1977005872,1977005872,1
1899,308808741,308808741,0
1900,655214361,655214361,1
1901,404620103,404620103,1
1902,969450757,969450757,1
1903,908913443,908913443,0
1904,944010907,944010907,0
1905,1521873071,1521873071,1
1906,1717564168,1717564168,0
1907,1524305515,1524305515,1
1908,445312076,445312076,1
1909,173485316,173485316,1
1910,798320940,798320940,1
1911,1201200488,1201200488,0
1912,1230920241,1230920241,1
1913,1341133125,1341133125,1
1914,1231801748,1231801748,0
1915,1218796109,1218796109,0
1916,209693996,209693996,1
1917,1288604293,1288604293,1
1918,1829559720,1829559720,0
1919,1884398590,1884398590,1
1920,595070023,595070023,0
1921,818858365,818858365,0
1922,721039209,721039209,0
1923,1521218902,1521218902,1
1924,1294735791,1294735791,1
1925,1186922576,1186922576,1
1926,1737560771,1737560771,0
1927,308162265,308162265,0
1928,1976730989,1976730989,0
1929,1687221709,1687221709,1
1930,1026628197,1026628197,1
1931,1887867870,1887867870,0
1932,1379103842,1379103842,1
1933,537192570,537192570,0
1934,1410157682,1410157682,1
1935,1018936078,1018936078,0
1936,1514483008,1514483008,0
1937,151360882,151360882,0
1938,1879853659,1879853659,0
1939,594396355,594396355,1
1940,1900082238,1900082238,0
1941,1206490430,1206490430,1
1942,1628527970,1628527970,1
1943,1273484391,1273484391,0
1944,1721592389,1721592389,0
1945,178674476,178674476,0
1946,653289939,653289939,1
1947,511231902,511231902,0
1948,1302354674,1302354674,1
1949,1076690747,1076690747,1
1950,1640925102,1640925102,0
1951,1863538170,1863538170,0
1952,745936288,745936288,1
1953,1883657395,1883657395,1
1954,193312901,193312901,1
1955,928371890,928371890,0
1956,882294831,882294831,1
1957,650457188,650457188,1
1958,1625196234,1625196234,0
1959,886972937,886972937,0
1960,1785842124,1785842124,0
1961,1221420011,1221420011,1
1962,1631679388,1631679388,0
1963,598597329,598597329,1
1964,305853345,305853345,0
1965,222562408,222562408,0
1966,1411211294,1411211294,1
1967,348083357,348083357,1
1968,1542808232,1542808232,0
1969,1640014094,1640014094,1
1970,1622843398,1622843398,0
1971,1671965055,1671965055,1
1972,1948288018,1948288018,1
1973,134647762,134647762,1
1974,1239078210,1239078210,1
1975,684329449,684329449,1
1976,1219693230,1219693230,0
1977,1037613298,1037613298,0
1978,1908980008,1908980008,1
1979,1717507202,1717507202,1
1980,381250137,381250137,1
1981,1160887875,1160887875,1
1982,449924434,449924434,0
1983,1739883325,1739883325,1
1984,324075456,324075456,0
1985,741253883,741253883,0
1986,694701520,694701520,1
1987,256673432,256673432,0
1988,1805390500,1805390500,1
1989,322323754,322323754,1
1990,1395061153,1395061153,0
1991,840670372,840670372,1
1992,1656167011,1656167011,1
1993,209160927,209160927,1
1994,521081673,521081673,1
1995,915307652,915307652,0
1996,1492385211,1492385211,0
1997,954908978,954908978,0
1998,453957987,453957987,0
1999,307835576,307835576,0
2000,172836310,172836310,1
2001,1997446328,1997446328,1
2002,1357538301,1357538301,0
2003,1459643392,1459643392,1
2004,133010625,133010625,0
2005,1558331081,1558331081,1
2006,1089810747,1089810747,0
2007,1437855551,1437855551,0
2008,1989180463,1989180463,0
2009,1723393416,1723393416,0
2010,513513334,513513334,0
2011,1741102053,1741102053,0
2012,1937627253,1937627253,0
2013,1727547531,1727547531,0
2014,598894819,598894819,0
2015,1208756363,1208756363,1
2016,1488939532,1488939532,1
2017,579872918,579872918,1
2018,893175551,893175551,1
2019,322743852,322743852,0
2020,484177669,484177669,0
2021,616525829,616525829,0
2022,1721780773,1721780773,1
2023,1579835840,1579835840,1
2024,975253891,975253891,0
2025,771821655,771821655,1
2026,672657596,672657596,1
2027,1308505315,1308505315,0
2028,512301228,512301228,0
2029,302392029,302392029,0
2030,506720602,506720602,0
2031,397019463,397019463,1
2032,1012585502,1012585502,0
2033,421619389,421619389,0
2034,258580188,258580188,0
2035,1525405790,1525405790,1
2036,1209232743,1209232743,1
2037,1704913481,1704913481,1
2038,1204635266,1204635266,0
2039,1431585436,1431585436,1
2040,648808603,648808603,1
2041,175297529,175297529,1
2042,1379543540,1379543540,1
2043,921841545,921841545,1
2044,759170612,759170612,1
2045,237983379,237983379,0
2046,1566045343,1566045343,0
2047,690834703,690834703,1
2048,1667059126,1667059126,1
2049,965757485,965757485,1
2050,1768229783,1768229783,1
2051,1957993414,1957993414,0
2052,828635247,828635247,1
2053,527894432,527894432,1
2054,222611900,222611900,0
2055,1045160617,1045160617,1
2056,1874796662,1874796662,0
2057,938089224,938089224,0
2058,328624180,328624180,0
2059,280371499,280371499,0
2060,1921716027,1921716027,0
2061,1725462102,1725462102,0
2062,1496551732,1496551732,0
2063,130467436,130467436,0
2064,540168241,540168241,0
2065,310430176,310430176,1
2066,1686016933,1686016933,1
2067,535662016,535662016,1
2068,494739354,494739354,1
2069,1331363257,1331363257,0
2070,240178989,240178989,0
2071,1873646928,1873646928,1
2072,1525404578,1525404578,1
2073,733948321,733948321,1
2074,1128618465,1128618465,0
2075,586493332,586493332,0
2076,510429756,510429756,0
2077,1023439897,1023439897,0
2078,1452697247,1452697247,1
2079,1965312810,1965312810,0
2080,223162963,223162963,0
2081,419991749,419991749,0
2082,1879600672,1879600672,1
2083,902611871,902611871,1
2084,1413966902,1413966902,0
2085,1218526814,1218526814,1
2086,1054434171,1054434171,1
2087,1355205132,1355205132,1
2088,1796728869,1796728869,1
2089,1995994246,1995994246,0
2090,998529812,998529812,1
2091,598477107,598477107,1
2092,1330909554,1330909554,0
2093,1939659920,1939659920,1
2094,1041694919,1041694919,1
2095,1172077058,1172077058,1
2096,1941363966,1941363966,0
2097,770441440,770441440,0
2098,1737645892,1737645892,1
2099,1642257977,1642257977,1
2100,1646803474,1646803474,0
2101,397233086,397233086,1
2102,1527887006,1527887006,1
2103,757726710,757726710,0
2104,201540179,201540179,0
2105,1147957688,1147957688,1
2106,1049919117,1049919117,1
2107,1306300573,1306300573,0
2108,1059731257,1059731257,1
2109,271375700,271375700,1
2110,1980654773,1980654773,1
2111,981706008,981706008,1
2112,387214864,387214864,1
2113,679081061,679081061,1
2114,1818884682,1818884682,0
2115,273611612,273611612,1
2116,363355155,363355155,0
2117,159541577,159541577,0
2118,1683708466,1683708466,0
2119,1331254056,1331254056,1
2120,724198665,724198665,1
2121,1855629627,1855629627,0
2122,683402913,683402913,1
2123,1881576137,1881576137,0
2124,228778929,228778929,0
2125,1289113238,1289113238,1
2126,637388011,637388011,1
2127,615435272,615435272,1
2128,1575475598,1575475598,0
2129,1402438966,1402438966,0
2130,1202230626,1202230626,1
2131,150652260,150652260,1
2132,1758559477,1758559477,0
2133,1047657323,1047657323,1
2134,1720749297,1720749297,1
2135,655635653,655635653,0
2136,723904241,723904241,0
2137,1764117749,1764117749,0
2138,1196061262,1196061262,0
2139,811391734,811391734,1
2140,1716738699,1716738699,0
2141,1377922356,1377922356,0
2142,908120100,908120100,1
2143,149384801,149384801,0
2144,1127779790,1127779790,0
2145,652418118,652418118,0
2146,488676372,488676372,0
2147,116352577,116352577,1
2148,1507719431,1507719431,1
2149,1555513196,1555513196,0
2150,1577038624,1577038624,0
2151,230878349,230878349,0
2152,404019143,404019143,0
2153,1500576648,1500576648,1
2154,1282436330,1282436330,0
2155,1070456076,1070456076,1
2156,462926070,462926070,0
2157,813561398,813561398,1
2158,1350790551,1350790551,1
2159,771546003,771546003,0
2160,544750143,544750143,0
2161,1543414659,1543414659,0
2162,1171625174,1171625174,1
2163,306020988,306020988,0
2164,1572447873,1572447873,0
2165,1802328790,1802328790,1
2166,993438060,993438060,1
2167,156572807,156572807,0
2168,670358779,670358779,1
2169,522025687,522025687,1
2170,142608976,142608976,0
2171,1729044375,1729044375,0
2172,221538493,221538493,1
2173,504574643,504574643,1
2174,1862182211,1862182211,0
2175,968472071,968472071,1
2176,1439708346,1439708346,1
2177,714219074,714219074,1
2178,1651162936,1651162936,0
2179,853174441,853174441,0
2180,1479692478,1479692478,1
2181,853446759,853446759,1
2182,1381956309,1381956309,1
2183,375142488,375142488,1
2184,1340303880,1340303880,0
2185,150300623,150300623,0
2186,1814788493,1814788493,0
2187,421742065,421742065,0
2188,777124281,777124281,1
2189,1533563484,1533563484,1
2190,1469352619,1469352619,1
2191,452147765,452147765,0
2192,362777191,362777191,1
2193,1590843136,1590843136,1
2194,1475721927,1475721927,0
2195,238510531,238510531,1
2196,249048466,249048466,0
2197,1208049839,1208049839,1
2198,708319185,708319185,0
2199,1110713950,1110713950,0
2200,281236162,281236162,1
2201,1175504982,1175504982,1
2202,381251885,381251885,0
2203,1257909918,1257909918,1
2204,391921227,391921227,1
2205,1323752958,1323752958,1
2206,1009676019,1009676019,1
2207,1973896711,1973896711,0
2208,1956653613,1956653613,1
2209,1428961376,1428961376,1
2210,841001679,841001679,0
2211,1825655779,1825655779,0
2212,1615496225,1615496225,1
2213,1435598618,1435598618,0
2214,1224190701,1224190701,1
2215,366437162,366437162,0
2216,1362710799,1362710799,1
2217,622024808,622024808,0
2218,961208929,961208929,0
2219,1823113790,1823113790,0
2220,792650066,792650066,0
2221,604977156,604977156,1
2222,1289673386,1289673386,1
2223,1197941129,1197941129,1
2224,204189694,204189694,1
2225,1730514722,1730514722,1
2226,1092119024,1092119024,0
2227,691852433,691852433,1
2228,990826120,990826120,0
2229,1497685502,1497685502,1
2230,441226757,441226757,1
2231,560360103,560360103,0
2232,1020541064,1020541064,1
2233,1311306634,1311306634,0
2234,255033469,255033469,0
2235,437747295,437747295,1
2236,1951568199,1951568199,0
2237,1221965108,1221965108,0
2238,214884170,214884170,0
2239,1033039531,1033039531,1
2240,1602811339,1602811339,1
2241,1356962413,1356962413,1
2242,860527489,860527489,0
2243,429489966,429489966,1
2244,345578568,345578568,1
2245,1184484155,1184484155,1
2246,135209296,135209296,1
2247,861264664,861264664,0
2248,1917836377,1917836377,1
2249,1235191862,1235191862,0
2250,1625288835,1625288835,1
2251,1562930182,1562930182,1
2252,280250724,280250724,1
2253,897411111,897411111,1
2254,1833596793,1833596793,0
2255,459953757,459953757,1
2256,891530983,891530983,0
2257,162634147,162634147,1
2258,369033247,369033247,1
2259,1207494801,1207494801,0
2260,922666028,922666028,1
2261,236127750,236127750,0
2262,693889653,693889653,0
2263,646066270,646066270,1
2264,682614324,682614324,0
2265,756825525,756825525,1
2266,614572515,614572515,0
2267,1923254340,1923254340,0
2268,452975780,452975780,0
2269,1433016319,1433016319,1
2270,1867344997,1867344997,1
2271,1082670712,1082670712,1
2272,1765322970,1765322970,0
2273,1539343067,1539343067,1
2274,766145762,766145762,0
2275,1138141986,1138141986,0
2276,202169286,202169286,1
2277,771190458,771190458,0
2278,348656248,348656248,0
2279,1118138239,1118138239,0
2280,951282020,951282020,1
2281,1896385648,1896385648,0
2282,941834245,941834245,1
2283,1640998594,1640998594,1
2284,1559653162,1559653162,1
2285,1118728878,1118728878,1
2286,1153128148,1153128148,1
2287,794022898,794022898,0
2288,1018892774,1018892774,0
2289,618893370,618893370,1
2290,1070950756,1070950756,1
2291,1951922656,1951922656,1
2292,1030202609,1030202609,1
2293,1441287851,1441287851,1
2294,1698582204,1698582204,0
2295,458110879,458110879,1
2296,382565716,382565716,0
2297,750525215,750525215,1
2298,458435302,458435302,1
2299,1740719438,1740719438,0
2300,1239608796,1239608796,0
2301,834783355,834783355,0
2302,1494666538,1494666538,0
2303,1436780812,1436780812,0
2304,1832362763,1832362763,1
2305,131405561,131405561,0
2306,1953183517,1953183517,0
2307,1320792901,1320792901,1
2308,737141671,737141671,1
2309,1857389434,1857389434,0
2310,1673212444,1673212444,1
2311,677301762,677301762,0
2312,1053390623,1053390623,0
2313,625456631,625456631,0
2314,162589447,162589447,1
2315,1710370526,1710370526,0
2316,100646594,100646594,1
2317,1760788150,1760788150,1
2318,1441218898,1441218898,0
2319,1505978738,1505978738,0
2320,163475138,163475138,1
2321,442221225,442221225,1
2322,1676059100,1676059100,0
2323,1523617943,1523617943,1
2324,1487147020,1487147020,0
2325,1442026756,1442026756,1
2326,826210126,826210126,1
2327,137755666,137755666,0
2328,1134400075,1134400075,0
2329,884765117,884765117,1
2330,875615978,875615978,1
2331,1775586250,1775586250,0
2332,1101493637,1101493637,1
2333,1714972668,1714972668,0
2334,1286502858,1286502858,0
2335,1096970137,1096970137,1
2336,1960571806,1960571806,0
2337,1395675176,1395675176,1
2338,947295889,947295889,0
2339,1198249373,1198249373,0
2340,1116855793,1116855793,0
2341,1015884021,1015884021,0
2342,659561954,659561954,1
2343,1900582911,1900582911,0
2344,1986402194,1986402194,0
2345,1984478895,1984478895,0
2346,621752001,621752001,0
2347,1575969799,1575969799,1
2348,822171576,822171576,0
2349,721122996,721122996,0
2350,1495566540,1495566540,0
2351,1962994956,1962994956,0
2352,1068680340,1068680340,0
2353,231842839,231842839,0
2354,1040666532,1040666532,0
2355,1143849790,1143849790,0
2356,372654174,372654174,0
2357,542853210,542853210,1
2358,175819270,175819270,1
2359,695401431,695401431,1
2360,781233329,781233329,1
2361,1918955122,1918955122,1
2362,840581441,840581441,0
2363,539130595,539130595,0
2364,230696357,230696357,0
2365,727220225,727220225,0
2366,794108813,794108813,1
2367,683672395,683672395,0
2368,920442619,920442619,1
2369,1304556181,1304556181,0
2370,880261160,880261160,0
2371,1870959656,1870959656,0
2372,319069734,319069734,0
2373,567206879,567206879,1
2374,785209981,785209981,1
2375,457006100,457006100,0
2376,1930683043,1930683043,0
2377,303127991,303127991,0
2378,1807321690,1807321690,0
2379,536136890,536136890,0
2380,1619527621,1619527621,0
2381,1925637366,1925637366,1
2382,1129851315,1129851315,0
2383,1052432485,1052432485,1
2384,1331847713,1331847713,0
2385,1343921496,1343921496,0
2386,1498462427,1498462427,1
2387,443143456,443143456,1
2388,1046291078,1046291078,0
2389,1682076937,1682076937,0
2390,211161362,211161362,0
2391,963052180,963052180,0
2392,1891581406,1891581406,1
2393,631673853,631673853,1
2394,1848166829,1848166829,1
2395,605340225,605340225,0
2396,1702915473,1702915473,0
2397,248331887,248331887,0
2398,139152697,139152697,1
2399,1373526438,1373526438,0
2400,1355484995,1355484995,0
2401,907195296,907195296,0
2402,1348509265,1348509265,1
2403,1719049604,1719049604,0
2404,1058010984,1058010984,1
2405,1670589552,1670589552,0
2406,1304653453,1304653453,0
2407,371550535,371550535,1
2408,1911779977,1911779977,0
2409,1232490090,1232490090,1
2410,1737382447,1737382447,0
2411,909715894,909715894,0
2412,1093047469,1093047469,0
2413,170221846,170221846,1
2414,1374636879,1374636879,0
2415,139913711,139913711,0
2416,1162317480,1162317480,0
2417,1055763496,1055763496,1
2418,1322726978,1322726978,1
2419,753967326,753967326,1
2420,1523932390,1523932390,1
2421,1053994896,1053994896,0
2422,1036775225,1036775225,0
2423,1521120696,1521120696,0
2424,142834155,142834155,0
2425,528885694,528885694,1
2426,1619665559,1619665559,0
2427,673193386,673193386,1
2428,1562311764,1562311764,0
2429,1670677909,1670677909,0
2430,1754203884,1754203884,0
2431,1382242792,1382242792,1
2432,1198213208,1198213208,1
2433,609751535,609751535,1
2434,1482689397,1482689397,1
2435,762150238,762150238,1
2436,1982340836,1982340836,0
2437,1452290208,1452290208,0
2438,1075622350,1075622350,0
2439,1900170509,1900170509,1
2440,497992796,497992796,0
2441,793264383,793264383,0
2442,1989771322,1989771322,0
2443,1594107139,1594107139,1
2444,901895860,901895860,1
2445,373666981,373666981,0
2446,1387985175,1387985175,0
2447,370197742,370197742,0
2448,684581180,684581180,0
2449,1621658097,1621658097,1
2450,841867924,841867924,0
2451,285604815,285604815,0
2452,1456817360,1456817360,1
2453,691186275,691186275,1
2454,1793640292,1793640292,1
2455,1780403976,1780403976,1
2456,1118070602,1118070602,1
2457,1810168405,1810168405,0
2458,1052925853,1052925853,0
2459,881396431,881396431,0
2460,1504003384,1504003384,0
2461,1246446059,1246446059,0
2462,389682777,389682777,1
2463,1352762311,1352762311,1
2464,1533547892,1533547892,0
2465,1144366564,1144366564,0
2466,135559899,135559899,1
2467,514801834,514801834,1
2468,996110970,996110970,0
2469,797291972,797291972,0
2470,1794321420,1794321420,1
2471,419611046,419611046,1
2472,1368612586,1368612586,1
2473,1878319679,1878319679,0
2474,124734248,124734248,1
2475,724736844,724736844,0
2476,1428277116,1428277116,0
2477,1812037941,1812037941,0
2478,1797512773,1797512773,1
2479,589168921,589168921,0
2480,1312054523,1312054523,0
2481,132502028,132502028,0
2482,132788292,132788292,1
2483,457167857,457167857,0
2484,1276509927,1276509927,0
2485,1946090676,1946090676,0
2486,1634639540,1634639540,0
2487,1895129021,1895129021,0
2488,1112876924,1112876924,1
2489,343428169,343428169,1
2490,1906201041,1906201041,1
2491,1741693451,1741693451,1
2492,307979426,307979426,0
2493,1936844457,1936844457,0
2494,1054215394,1054215394,0
2495,355316521,355316521,0
2496,725081683,725081683,1
2497,1040709837,1040709837,0
2498,1370732381,1370732381,0
2499,1519856913,1519856913,0
2500,1279148316,1279148316,0
2501,1945684949,1945684949,0
2502,1572058147,1572058147,0
2503,595355083,595355083,1
2504,1037837559,1037837559,0
2505,108296535,108296535,0
2506,712246900,712246900,0
2507,659285245,659285245,0
2508,1171888338,1171888338,0
2509,1798040294,1798040294,1
2510,1689334699,1689334699,1
2511,1727876099,1727876099,1
2512,785720883,785720883,1
2513,1460238969,1460238969,0
2514,1272623771,1272623771,1
2515,1830912475,1830912475,0
2516,1554425134,1554425134,1
2517,1522885633,1522885633,1
2518,1795100519,1795100519,1
2519,1441370164,1441370164,0
2520,1817319577,1817319577,0
2521,833587809,833587809,0
2522,1581705889,1581705889,0
2523,1353917135,1353917135,1
2524,559133840,559133840,0
2525,1157601256,1157601256,0
2526,1427530603,1427530603,0
2527,711849153,711849153,0
2528,234807050,234807050,0
2529,882190016,882190016,0
2530,467719570,467719570,1
2531,1189603403,1189603403,0
2532,100982190,100982190,0
2533,953159801,953159801,0
2534,420759571,420759571,0
2535,1171130643,1171130643,0
2536,1321248998,1321248998,1
2537,1163213713,1163213713,0
2538,288101885,288101885,0
2539,471321593,471321593,1
2540,724674110,724674110,0
2541,778974376,778974376,1
2542,1936765459,1936765459,0
2543,1132383229,1132383229,0
2544,1757488040,1757488040,1
2545,609876580,609876580,1
2546,884109138,884109138,1
2547,1766025816,1766025816,1
2548,1869076522,1869076522,0
2549,636582769,636582769,0
2550,847620693,847620693,0
2551,578834098,578834098,1
2552,970708336,970708336,1
2553,1312444531,1312444531,0
2554,659726564,659726564,0
2555,490154884,490154884,1
2556,1854286709,1854286709,0
2557,1287875675,1287875675,1
2558,890198580,890198580,0
2559,1647526357,1647526357,1
2560,1211152203,1211152203,1
2561,432217406,432217406,1
2562,1556580921,1556580921,1
2563,369667076,369667076,0
2564,240161321,240161321,0
2565,576574974,576574974,0
2566,327576545,327576545,0
2567,1278995942,1278995942,0
2568,1859996304,1859996304,0
2569,1214505880,1214505880,0
2570,1320083491,1320083491,1
2571,1383896656,1383896656,0
2572,1518604985,1518604985,0
2573,333348176,333348176,0
2574,554788232,554788232,1
2575,1847895810,1847895810,0
2576,1189358824,1189358824,1
2577,1294552993,1294552993,0
2578,770018740,770018740,0
2579,356751065,356751065,0
2580,877987615,877987615,0
2581,1218963318,1218963318,1
2582,176386716,176386716,0
2583,985873256,985873256,1
2584,1902742497,1902742497,0
2585,272577192,272577192,0
2586,1317221051,1317221051,0
2587,805531953,805531953,0
2588,1063124591,1063124591,0
2589,1160816480,1160816480,1
2590,359502897,359502897,0
2591,1943632319,1943632319,0
2592,1914507766,1914507766,1
2593,1812692074,1812692074,0
2594,339809371,339809371,0
2595,1578150114,1578150114,0
2596,1831818848,1831818848,1
2597,473858131,473858131,1
2598,994904267,994904267,0
2599,1496685346,1496685346,0
2600,1003465227,1003465227,0
2601,1345442487,1345442487,0
2602,644112867,644112867,0
2603,1273863418,1273863418,0
2604,351816216,351816216,1
2605,573627100,573627100,0
2606,265629457,265629457,1
2607,434830217,434830217,0
2608,716110495,716110495,0
2609,435784436,435784436,0
2610,932565313,932565313,0
2611,1433062286,1433062286,0
2612,625978130,625978130,0
2613,1728363987,1728363987,0
2614,277548374,277548374,0
2615,1889229366,1889229366,1
2616,881423338,881423338,1
2617,991207520,991207520,0
2618,679504662,679504662,1
2619,655745033,655745033,0
2620,1100439343,1100439343,0
2621,900266914,900266914,0
2622,1932789464,1932789464,0
2623,566611544,566611544,0
2624,1488739206,1488739206,0
2625,792774529,792774529,0
2626,773193591,773193591,0
2627,1903983778,1903983778,1
2628,1172646905,1172646905,0
2629,1847607853,1847607853,1
2630,503741083,503741083,1
2631,911148231,911148231,1
2632,260929773,260929773,0
2633,1768242577,1768242577,0
2634,1830351890,1830351890,0
2635,1292602684,1292602684,0
2636,943952120,943952120,1
2637,788728389,788728389,0
2638,1566500047,1566500047,0
2639,914182450,914182450,0
2640,698075376,698075376,1
2641,200742226,200742226,1
2642,974026187,974026187,1
2643,1715096435,1715096435,0
2644,514592541,514592541,1
2645,1784422146,1784422146,0
2646,1290816762,1290816762,1
2647,1760431619,1760431619,0
2648,567712658,567712658,1
2649,715795519,715795519,0
2650,1854082979,1854082979,0
2651,1663746940,1663746940,0
2652,411960455,411960455,0
2653,944871632,944871632,1
2654,337363194,337363194,1
2655,1856375330,1856375330,0
2656,955541297,955541297,0
2657,488111879,488111879,1
2658,1884191527,1884191527,0
2659,901912400,901912400,0
2660,1694742162,1694742162,1
2661,601868871,601868871,0
2662,1433435694,1433435694,0
2663,492278925,492278925,0
2664,1587941057,1587941057,0
2665,851613966,851613966,0
2666,744584835,744584835,0
2667,428605640,428605640,0
2668,1946584645,1946584645,0
2669,1907912016,1907912016,1
2670,1873752254,1873752254,0
2671,1165939005,1165939005,1
2672,1900382836,1900382836,0
2673,445658053,445658053,0
2674,1075850929,1075850929,0
2675,1975381516,1975381516,0
2676,574012259,574012259,1
2677,852449014,852449014,0
2678,989276545,989276545,0
2679,1132520626,1132520626,1
2680,1503477491,1503477491,0
2681,705940241,705940241,0
2682,1057419298,1057419298,1
2683,1734613600,1734613600,0
2684,1287434724,1287434724,0
2685,1980847969,1980847969,0
2686,1873760074,1873760074,0
2687,1825807054,1825807054,0
2688,1477897513,1477897513,1
2689,1976862734,1976862734,1
2690,686025057,686025057,0
2691,496143393,496143393,0
2692,1223110353,1223110353,0
2693,362811505,362811505,0
2694,1834438077,1834438077,0
2695,1463247268,1463247268,0
2696,1278624937,1278624937,0
2697,1007704791,1007704791,0
2698,276242318,276242318,0
2699,1182136596,1182136596,1
2700,1942878508,1942878508,0
2701,927862855,927862855,0
2702,1077045896,1077045896,0
2703,233318183,233318183,0
2704,857611262,857611262,1
2705,1819448023,1819448023,0
2706,1988759437,1988759437,0
2707,779545175,779545175,0
2708,1123623200,1123623200,1
2709,808447119,808447119,0
2710,1871771189,1871771189,0
2711,495404744,495404744,0
2712,1541555219,1541555219,0
2713,892341344,892341344,0
2714,1165368110,1165368110,0
2715,1471659007,1471659007,0
2716,642899740,642899740,0
2717,1284134225,1284134225,0
2718,1259131255,1259131255,0
2719,1677705523,1677705523,0
2720,1864238082,1864238082,0
2721,797847317,797847317,0
2722,641447450,641447450,0
2723,1212280766,1212280766,0
2724,531398249,531398249,1
2725,975227300,975227300,1
2726,808718625,808718625,1
2727,497978154,497978154,0
2728,635478909,635478909,0
2729,296701865,296701865,0
2730,1804586706,1804586706,0
2731,1357915024,1357915024,0
2732,481085877,481085877,0
2733,1027074384,1027074384,0
2734,821036752,821036752,0
2735,783626089,783626089,0
2736,914165448,914165448,0
2737,682709938,682709938,1
2738,201561332,201561332,0
2739,1091018161,1091018161,0
2740,1940100204,1940100204,1
2741,154391380,154391380,0
2742,1126530804,1126530804,0
2743,707462293,707462293,0
2744,409233960,409233960,0
2745,1157519150,1157519150,0
2746,273231644,273231644,0
2747,1385337847,1385337847,0
2748,954059680,954059680,0
2749,1978121396,1978121396,0
2750,1826942706,1826942706,0
2751,697996077,697996077,0
2752,1454395890,1454395890,0
2753,1783022598,1783022598,1
2754,1134325772,1134325772,0
2755,1504546080,1504546080,0
2756,451880232,451880232,0
2757,1128053757,1128053757,0
2758,1100799747,1100799747,0
2759,1967490498,1967490498,0
2760,1005529539,1005529539,0
2761,910911348,910911348,0
2762,1256526914,1256526914,0
2763,212733601,212733601,0
2764,336383765,336383765,0
2765,1061643018,1061643018,0
2766,716432626,716432626,0
2767,848362042,848362042,0
2768,680316194,680316194,1
2769,1043268707,1043268707,0
2770,1386061923,1386061923,1
2771,1838407881,1838407881,0
2772,822237788,822237788,0
2773,859166805,859166805,0
2774,1018647528,1018647528,0
2775,697001328,697001328,0
2776,832102861,832102861,0
2777,1608361625,1608361625,0
2778,410959450,410959450,0
2779,1979020921,1979020921,0
2780,1605524313,1605524313,1
2781,817809420,817809420,1
2782,1701208448,1701208448,0
2783,1671267056,1671267056,1
2784,245306151,245306151,0
2785,479109545,479109545,1
2786,1399826829,1399826829,0
2787,1886030734,1886030734,0
2788,1993311784,1993311784,0
2789,628752440,628752440,0
2790,1662906682,1662906682,0
2791,1959780198,1959780198,1
2792,1231176987,1231176987,0
2793,1857499961,1857499961,0
2794,621466421,621466421,0
2795,582618471,582618471,0
2796,1951384287,1951384287,0
2797,368959072,368959072,0
2798,1778789026,1778789026,0
2799,1001831443,1001831443,1
2800,1377105953,1377105953,0
2801,1203310495,1203310495,0
2802,982989404,982989404,0
2803,1559981514,1559981514,0
2804,122279077,122279077,1
2805,213810970,213810970,0
2806,1056363935,1056363935,0
2807,908506471,908506471,0
2808,203752855,203752855,0
2809,996922933,996922933,0
2810,1745192892,1745192892,1
2811,844586387,844586387,0
2812,500130915,500130915,0
2813,1401345463,1401345463,0
2814,1428510969,1428510969,0
2815,1086506974,1086506974,0
2816,455690234,455690234,0
2817,1647323729,1647323729,0
2818,1656012922,1656012922,0
2819,1608373837,1608373837,1
2820,302372774,302372774,0
2821,1347425130,1347425130,0
2822,1152447978,1152447978,0
2823,1220512186,1220512186,0
2824,1697913419,1697913419,0
2825,115032286,115032286,0
2826,1664808285,1664808285,0
2827,112936030,112936030,1
2828,1696485921,1696485921,0
2829,1907591506,1907591506,0
2830,1776033820,1776033820,0
2831,119206691,119206691,0
2832,508404388,508404388,1
2833,1224760715,1224760715,0
2834,1370183089,1370183089,0
2835,1665330304,1665330304,0
2836,1037917940,1037917940,0
2837,980335354,980335354,0
2838,606916315,606916315,0
2839,153943089,153943089,0
2840,1849080864,1849080864,0
2841,762574854,762574854,0
2842,1444922844,1444922844,0
2843,1940056400,1940056400,0
2844,132517454,132517454,0
2845,455000786,455000786,0
2846,1945476475,1945476475,0
2847,1168160707,1168160707,0
2848,657747879,657747879,0
2849,1542865951,1542865951,0
2850,1769067658,1769067658,0
2851,1805739288,1805739288,0
2852,1881584403,1881584403,0
2853,1570498091,1570498091,0
2854,568833929,568833929,0
2855,1586105768,1586105768,0
2856,663822079,663822079,0
2857,684289570,684289570,0
2858,1111933195,1111933195,0
2859,1575287970,1575287970,0
2860,584229920,584229920,0
2861,458399686,458399686,0
2862,1430558272,1430558272,0
2863,1691423359,1691423359,0
2864,1472834688,1472834688,0
2865,529194835,529194835,0
2866,285993199,285993199,0
2867,1007912731,1007912731,0
2868,1933163505,1933163505,0
2869,154187138,154187138,0
2870,499981625,499981625,0
2871,1810667644,1810667644,0
2872,765851981,765851981,0
2873,486991863,486991863,0
2874,1388260677,1388260677,0
2875,1225136910,1225136910,0
2876,917416559,917416559,0
2877,1726478767,1726478767,1
2878,457472745,457472745,0
2879,1809950941,1809950941,0
2880,1050386018,1050386018,0
2881,1923334963,1923334963,0
2882,978324099,978324099,0
2883,615404619,615404619,0
2884,1207973009,1207973009,0
2885,249207941,249207941,0
2886,632617777,632617777,0
2887,948331057,948331057,0
2888,618305160,618305160,0
2889,1336812863,1336812863,0
2890,1977777900,1977777900,0
2891,292530404,292530404,0
2892,1846436125,1846436125,0
2893,1168698145,1168698145,0
2894,158823114,158823114,0
2895,1865511733,1865511733,0
2896,1315627607,1315627607,0
2897,1327879703,1327879703,0
2898,711558356,711558356,0
2899,1096650011,1096650011,0
2900,1332762693,1332762693,0
2901,453615727,453615727,0
2902,493914860,493914860,0
2903,1621034217,1621034217,0
2904,1737911344,1737911344,0
2905,1461402532,1461402532,0
2906,1209388468,1209388468,0
2907,1111877702,1111877702,0
2908,347274121,347274121,0
2909,1602135209,1602135209,0
2910,1290907833,1290907833,0
2911,1372113411,1372113411,0
2912,155440931,155440931,0
2913,806881401,806881401,0
2914,920706123,920706123,0
2915,1302620624,1302620624,0
2916,1803343389,1803343389,0
2917,604108189,604108189,0
2918,1646195090,1646195090,0
2919,1878335504,1878335504,0
2920,338402323,338402323,0
2921,902647364,902647364,0
2922,863179789,863179789,0
2923,1067266372,1067266372,0
2924,412792945,412792945,0
2925,1248446935,1248446935,0
2926,1404756291,1404756291,0
2927,1410718163,1410718163,0
2928,1739850414,1739850414,0
2929,1804865728,1804865728,0
2930,1953108357,1953108357,1
2931,505260955,505260955,0
2932,903848715,903848715,0
2933,713470554,713470554,0
2934,1781230175,1781230175,0
2935,1137332649,1137332649,0
2936,515534214,515534214,0
2937,924338336,924338336,0
2938,370914387,370914387,1
2939,1145254653,1145254653,0
2940,1099604792,1099604792,0
2941,1501869167,1501869167,0
2942,708224767,708224767,0
2943,690995273,690995273,0
2944,708597959,708597959,0
2945,1658644580,1658644580,0
2946,1458838950,1458838950,0
2947,984887609,984887609,0
2948,657859946,657859946,0
2949,139285735,139285735,0
2950,647335095,647335095,0
2951,1635425982,1635425982,0
2952,1323820431,1323820431,0
2953,1785174728,1785174728,0
2954,426858869,426858869,0
2955,579639267,579639267,0
2956,1541280649,1541280649,0
2957,1768930394,1768930394,0
2958,1689941609,1689941609,0
2959,1781899234,1781899234,0
2960,696259020,696259020,0
2961,621889144,621889144,0
2962,843961386,843961386,0
2963,1151030976,1151030976,0
2964,719187924,719187924,0
2965,733822239,733822239,0
2966,1144389723,1144389723,0
2967,327479141,327479141,0
2968,152820817,152820817,0
2969,552663248,552663248,0
2970,1931501653,1931501653,0
2971,513013367,513013367,0
2972,1646208769,1646208769,0
2973,1403155425,1403155425,0
2974,554158469,554158469,0
2975,530844352,530844352,0
2976,856535198,856535198,0
2977,513477897,513477897,0
2978,172497994,172497994,0
2979,440384541,440384541,0
2980,855320579,855320579,0
2981,823373560,823373560,0
2982,187514138,187514138,0
2983,120637062,120637062,0
2984,1558066851,1558066851,0
2985,233468953,233468953,0
2986,375073330,375073330,0
2987,451551661,451551661,0
2988,577164984,577164984,0
2989,630143892,630143892,0
2990,573401936,573401936,0
2991,1713940061,1713940061,0
2992,1197829473,1197829473,0
2993,1333764370,1333764370,0
2994,713547326,713547326,0
2995,638103018,638103018,0
2996,1719353176,1719353176,0
2997,1477417298,1477417298,0
2998,1084619093,1084619093,0
2999,1991155096,1991155096,0
